issue_id,task_title,task_content,status,progress_pct,done_criteria,review_criteria,dependencies,affected_paths,notes
CVUI-01,收紧云保险库首页,"将首页改为状态与日常操作入口；仓库配置和说明不再占用首屏，保留远端范围与备份列表。",completed,100,"连接状态、同步、刷新、管理仓库入口和两栏远端列表在常见桌面首屏可见。","检查首页不再渲染仓库 URL/token 编辑器，单仓与多仓状态信息仍正确。",,"extension/index.js; extension/style.css; extension/i18n/*.json; tests/cloud-vault-ui.test.mjs","首页不再保留仓库输入区；契约测试覆盖操作入口与远端两栏。"
CVUI-02,实现仓库管理和无副作用草稿,"使用原生 dialog 展示目录仓库、已保存仓库和添加表单；取消草稿不写配置；有效提交走保存并连接。",completed,100,"重复点击添加不会生成空仓库；取消不修改配置；添加并连接成功或失败均有明确状态。","检查 dialog 关闭清理、focus、busy、token 不回显、失败不吞掉填写内容；确认不发送缩短的仓库列表。",CVUI-01,"extension/index.js; extension/style.css; extension/i18n/*.json; tests/cloud-vault-ui.test.mjs","dialog 使用 showModal；草稿取消只清理前端状态，提交仍走既有 save then connect。"
CVUI-03,收口文案和响应式样式,"将用户可见的附加仓库访问令牌命名统一为访问令牌，并完成桌面/移动端布局、折叠设置和帮助文本。",completed,100,"所有新增文字均有中英文 i18n；管理弹窗和首页在移动端不溢出。","搜索用户可见的旧令牌命名残留；检查 CSS 无文本遮挡、无嵌套卡片、dialog 使用 top layer。",CVUI-02,"extension/index.js; extension/style.css; extension/i18n/zh-cn.json; extension/i18n/en-us.json; README.md; README_EN.md","中英文访问令牌文案、README 和移动端 dialog 样式已更新。"
CVUI-04,回归验证与手测说明,"运行语法、pool、snapshot、fingerprint 与 diff 检查；补充手测步骤和最终 review。",completed,100,"全部自动检查通过，手测文档覆盖添加取消、添加并连接、失败重试与首屏浏览。","复核仓库池分配和来源路由未被 UI 改动影响；文档、i18n 和实现一致。",CVUI-01;CVUI-02;CVUI-03,"tests/*.mjs; docs/MANUAL_TESTING.md; .work-plans/cloud-vault-ui-*","全部自动检查通过；105 MiB 分块模拟最大 Git blob 6.06 MiB；已同步 default-user、testing-abc 前端扩展和 Server Plugin，部署版本为 0.4.0。"
CVUI-05,实测反馈的界面收口,"首页增加明显的帮助入口；仓库弹窗内同步设置常显并置于仓库池前；分支字段直接显示；用户可见命名统一为附加仓库；进入云保险库时复位滚动位置。",completed,100,"帮助可从云保险库首页直接打开；设置和分支不再需要展开；面板顶部操作区始终首先可见；不再出现成员仓库 / Member Repository。","检查 i18n、README、手测文档与 UI 契约测试；确认不改变现有仓库池数据模型或路由。",CVUI-01;CVUI-02;CVUI-03,"extension/index.js; extension/style.css; extension/i18n/*.json; README*; docs/MANUAL_TESTING.md; tests/cloud-vault-ui.test.mjs","UI 契约测试、extension/server-plugin 语法检查和 diff 检查通过；仅调整前端层级与用户可见措辞，不变更 members 数据字段或服务端路由。"
CVUI-06,主面板半屏裁切修复,"将主面板外层固定 overlay 改为原生 dialog，使用 showModal 进入 top layer；以 dvh、safe-area、受限宽高保证半屏浏览器仍显示标题、Tab 和操作区。",completed,100,"在常规、半屏和移动端视口下，主面板完整位于可视区域内，标题与 Tab 不被裁掉。","检查 dialog 打开、关闭、backdrop、ESC、合并向导防误关和主题变量仍正常；运行 UI 契约与完整回归。",CVUI-05,"extension/index.js; extension/style.css; tests/cloud-vault-ui.test.mjs; docs/MANUAL_TESTING.md; .work-plans/cloud-vault-ui-*","主面板使用原生 dialog、showModal、dvh 和 safe-area 约束；全部语法、UI、pool、snapshot、fingerprint 回归及 diff 检查通过。"
CVUI-07,隔离面板主题与补全云操作标签,"清除面板、悬浮球与 dialog 对 SmartTheme* 颜色变量和 inherit 回退的依赖，统一使用 Chat Vault 局部主题变量；把刷新和说明操作改为图标加文字。",completed,100,"extension UI 代码无 SmartTheme* 颜色变量、无未定义字段变量或 inherit 文字回退；刷新和说明按钮均有可见文字。","静态扫描、i18n 完整性、浅深主题变量链、UI 契约和完整回归均通过。",CVUI-06,"extension/index.js; extension/style.css; extension/i18n/*.json; tests/cloud-vault-ui.test.mjs; .work-plans/cloud-vault-ui-*","SmartTheme、inherit、未定义字段变量与 currentColor 扫描均为空；完整语法、UI、pool、snapshot、fingerprint 回归及 diff 检查通过。"
CVUI-08,自绘原生控件与角色卡文件名高亮清理,"自绘 checkbox、radio 和各滚动容器，统一使用 Chat Vault 局部变量；保留角色卡合并中的 PNG 文件名行，仅消除酒馆 code 高亮继承。",completed,100,"checkbox/radio/滚动条不出现酒馆原生色；角色卡合并列表和向导显示可辨识的文件名且没有高亮底。","检查桌面/移动样式、checked/focus/disabled、滚动条选择器、角色卡合并数据仍可区分；运行 UI 契约与完整回归。",CVUI-07,"extension/index.js; extension/style.css; tests/cloud-vault-ui.test.mjs; .work-plans/cloud-vault-ui-*","checkbox/radio 使用 appearance 重置与局部变量；WebKit/Firefox 滚动条规则强制覆盖；误删的文件名行已恢复，完整回归待最终确认。"
CVUI-09,清除 checkbox 酒馆主题残留,"在 Chat Vault 范围内完整重置酒馆全局 checkbox 的 outline、阴影、滤镜、位移和伪元素；保留酒馆原有的勾选轮廓，颜色只使用 Chat Vault 局部变量。",completed,100,"行为开关的边框、底色和勾选符号均不读取酒馆主题变量；勾选形状使用酒馆现有 clip-path 轮廓。","检查 CSS 没有 SmartTheme 残留，checkbox 状态、焦点、禁用态正常；运行 UI 契约、语法和完整回归。",CVUI-08,"extension/style.css; tests/cloud-vault-ui.test.mjs; .work-plans/cloud-vault-ui-*","已重置 outline、box-shadow、filter、transform 与全局 ::before；使用酒馆原有 clip-path；UI、语法、pool、snapshot、fingerprint 和 diff 检查通过，已部署测试目录。"
